{
  "/art/login": {// user login
      "method": "post",
      "request-body": {
        "username": "admin",
        "password": "gjaI2vynOT0kyHGi2pioTYcy6Sc",
        "email": "admin-art@designashirt.com" // username or email can only choose one
      },
      "response": {
        "login": {
          "type": "boolean"
        },
        "userId": {
          "type": "string"
        },
        "username": {
          "type": "string"
        },
        "email": {
          "type": "string"
        },
        "imageUrl": {
          "type": "string"
        },
        "createdAt": {
          "type": "date"
        },
        "updatedAt": {
          "type": "date"
        }
      }
  },
  "/art/signup": {
    "method": "post",
    "request-body": {
      "username": "admin",
      "password": "gjaI2vynOT0kyHGi2pioTYcy6Sc",
      "email": "admin-art@designashirt.com"
    },
    "response": {
      "signup": {
        "type": "boolean"
      }
    }
  },
  "/art/logout": {
    "method": "post",
    "request-body": {
      "userId": "dsf978y3qruhqif768973u"
    },
    "response": {
      "logout": {
        "type": "boolean"
      }
    }
  },
  "/art/companies": {// get companies' list
    "method": "get",
    "response": [{
      "id": {
        "type": "int"
      },
      "company": {
        "type": "string"
      }
    }]
  },
  "/job": { // get all job list
    "method": "get",
    "response": [{
      "jobId": {
        "type": "string"
      },
      "name": {
        "type": "string"
      },
      "status": {
        "type": "string"
      },
      "assigneeId": {
        "type": "string"
      },
      "username": {// assignee
        "type": "string"
      },
      "email": {// assignee
        "type": "string"
      },
      "company": {
        "type": "string"
      },
      "online": {
        "type": "boolean"// if job not assign to anyone, this will be null
      },
      "updatedAt": {
        "type": "date"
      }
    }]
  },
  "/job/refresh": {
    "method": "post",
    "request-body": {
      "companyId": 2,
      "userId": "367a99bd7a594904a49afa52d35a74d4" //default userId is null, this will refresh all job list that updated; if has userId, then just refresh job updated of mine.
    },
    "response": {
      "count": {
        "type": "number"
      }
    }
  },
  "/job/users": {// jobs' user list for select followers
    "method": "get",
    "response": {
      "userId": {
        "type": "string"
      },
      "username": {
        "type": "string"
      },
      "email": {
        "type": "string"
      },
      "imageUrl": {
        "type": "string"
      }
    }
  },
  "/job/{userId}/follow": { // follow/unfollow a job
      "method": "post",
      "request-body": {
        "jobId": "367a99bd7a594904a49afa52d35a74d4",   //required
        "follow": true // unfollow is false            //required
      },
      "response": {
        "jobId": {
          "type": "string"
        },
        "followerId": {
          "type": "string"
        },
        "createdAt": {
          "type": "date"
        },
        "updatedAt": {
          "type": "date"
        }
      }
  },
  "/job/card/{jobId}": { // add new card or get card details
      "1": {
        "method": "put",
        "request-body": {
          "userId": "57jil99bd7a594904a49afa52d35a74d4"
        },
        "response": {
          "name": { // cart title
            "type": "string"
          },
          "step": {
            "type": "int"
          },
          "status": {
            "type": "string"
          },
          "description": {
            "type": "string"
          },
          "assigneeId": {
            "type": "string"
          },
          "username": {// assignee
            "type": "string"
          },
          "email": {// assignee
            "type": "string"
          },
          "imageUrl": {// assignee
            "type": "string"
          },
          "company": {
            "type": "string"
          },
          "lock": {
            "type": "boolean"
          },
          "lockerId": {
            "type": "string"
          },
          "followers": {
            "type": "array",
            "items": {
              "followerId": {
                "type": "string"
              },
              "username": {// follower
                "type": "string"
              },
              "email": {// follower
                "type": "string"
              },
              "imageUrl": {// follower
                "type": "string"
              }
            }
          },
          "viewers": {
            "type": "array",
            "items": {
              "userId": {
                "type": "string"
              },
              "username": {// viewer
                "type": "string"
              },
              "email": {// viewer
                "type": "string"
              }
            }
          },
          "cards": {
            "type": "array",
            "items": {
              "updaterId": {
                "type": "string"
              },
              "username": {// updater
                "type": "string"
              },
              "email": {// updater
                "type": "string"
              },
              "comment": {
                "type": "string"
              },
              "documentId": {
                "type": "string"
              },
              "viewUrl": {
                "type": "string"
              },
              "approve": {
                "type": "int"// 1 is approve, 0 is reject, if some steps don't have approve/reject, this will be null
              },
              "name": { // card title
                "type": "string"
              },
              "updatedAt": {
                "type": "date"
              }
            }
          },
          "createdAt": {
            "type": "date"
          },
          "updatedAt": {
            "type": "date"
          }
        }
      },
      "2": {
        "method": "post",
        "request-body": { // anyone of the following params is ok
          "job": {
             "status": 1, // from 1~4
             "assigneeId": "57jil99bd7a594904a49afa52d35a74d4"
          },
          "card":{
            "updaterId": "hkgkjbdasfy97869dsfaf",
            "step": 1, // from 1 ~ 11
            "comment": "this need to be fixed",
            "documentId": "e50e0481a74e4e9082ed659965c6890d",
            "viewUrl": "string",
            "approve": 1 //1 is approve, 0 is reject
          }
        },
        "response": {
          "name": { // cart title
            "type": "string"
          },
          "step": {
            "type": "int"
          },
          "statusId": {
            "type": "int"
          },
          "status": {
            "type": "string"
          },
          "description": {
            "type": "string"
          },
          "assigneeId": {
            "type": "string"
          },
          "username": {// assignee
            "type": "string"
          },
          "email": {// assignee
            "type": "string"
          },
          "imageUrl": {// assignee
            "type": "string"
          },
          "company": {
            "type": "string"
          },
          "lock": {
            "type": "int"// 1 is unlocked, 0 is locked
          },
          "lockerId": {
            "type": "string"
          },
          "followers": {
            "type": "array",
            "items": {
              "followerId": {
                "type": "string"
              },
              "username": {// follower
                "type": "string"
              },
              "email": {// follower
                "type": "string"
              },
              "imageUrl": {// follower
                "type": "string"
              }
            }
          },
          "cards": {
            "type": "array",
            "items": {
              "updaterId": {
                "type": "string"
              },
              "username": {// updater
                "type": "string"
              },
              "email": {// updater
                "type": "string"
              },
              "comment": {
                "type": "string"
              },
              "documentId": {
                "type": "string"
              },
              "viewUrl": {
                "type": "string"
              },
              "approved": {
                "type": "int"// 1 is approve, 0 is reject, if some steps don't have approve/reject, this will be null
              },
              "name": { // card title
                "type": "string"
              },
              "updatedAt": {
                "type": "date"
              }
            }
          },
          "createdAt": {
            "type": "date"
          },
          "updatedAt": {
            "type": "date"
          }
        }
      }
  },
  "/job/{userId}": { // get job list of mine
      "method": "get",
      "response": [{
        "jobId": {
          "type": "string"
        },
        "name": {
          "type": "string"
        },
        "status": {
          "type": "string"
        },
        "assigneeId": {
          "type": "string"
        },
        "company": {
          "type": "string"
        },
        "updatedAt": {
          "type": "date"
        }
      }]
  },
  "/job/lock/{jobId}": {
    "1": {
      "method": "get",
      "response": {
        "lock": {
          "type": "boolean"
        },
        "lockerId": {
          "type": "string"
        }
      }
    },
    "2": {
      "method": "post",
      "request-body": {
        "lock": 0,//  0 is unlock, 1 is lock
        "lockerId": "string"
      },
      "response": {
        "lock": {
          "type": "boolean"
        }
      }
    }
  },
  "/job/relation/{jobId}": {
    "method": "post",
    "request-body": {
      "companyId": 2
    },
    "response": [{
      "jobId": {
        "type": "string"
      },
      "name": {
        "type": "string"
      },
      "status": {
        "type": "string"
      },
      "assigneeId": {
        "type": "string"
      },
      "username": {// assignee
        "type": "string"
      },
      "email": {// assignee
        "type": "string"
      },
      "company": {
        "type": "string"
      },
      "online": {
        "type": "boolean"// if job not assign to anyone, this will be null
      },
      "updatedAt": {
        "type": "date"
      }
    }]
  }
  /*"/art/{userId}/filter": { // UNUSED FOR NOW
    "1": {
      "method": "get",
      "response": [
        {
          "id": {
            "type": "int"
          },
          "userId": {
            "type": "string"
          },
          "tag": {
            "type": "string"
          },
          "filter": {
            "type": "string"
          },
          "updatedAt": {
            "type": "date"
          },
          "createdAt": {
            "type": "date"
          }
        }
      ]
    },
    "2": {
      "method": "post",
      "request-body": {
        "op": "add | del | update | query",// required
        "id": 9, // required if del, update， query,
        "tag": "filter name or title", // required if add, update
        "filter": "filter content"// required if add, update, query
      },
      "response": [{
        "jobId": {
          "type": "string"
        },
        "name": {
          "type": "string"
        },
        "status": {
          "type": "string"
        },
        "assigneeId": {
          "type": "string"
        },
        "username": {// assignee
          "type": "string"
        },
        "email": {// assignee
          "type": "string"
        },
        "company": {
          "type": "string"
        },
        "online": {
          "type": "boolean"// if job not assign to anyone, this will be null
        },
        "updatedAt": {
          "type": "date"
        }
      }]
    }
  }*/
}